Filenames,labels
1.jpg,desert
2.jpg,desert
3.jpg,desert
4.jpg,"desert,mountains"
5.jpg,desert
6.jpg,desert
7.jpg,"desert,mountains"
8.jpg,desert
9.jpg,desert
10.jpg,"desert,mountains"
11.jpg,desert
12.jpg,desert
13.jpg,desert
14.jpg,desert
15.jpg,desert
16.jpg,desert
17.jpg,desert
18.jpg,desert
19.jpg,desert
20.jpg,desert
21.jpg,"desert,trees"
22.jpg,desert
23.jpg,desert
24.jpg,"desert,trees"
25.jpg,desert
26.jpg,desert
27.jpg,desert
28.jpg,"desert,trees"
29.jpg,desert
30.jpg,desert
31.jpg,desert
32.jpg,"desert,trees"
33.jpg,desert
34.jpg,desert
35.jpg,"desert,sunset"
36.jpg,desert
37.jpg,desert
38.jpg,"desert,trees"
39.jpg,desert
40.jpg,desert
41.jpg,desert
42.jpg,desert
43.jpg,desert
44.jpg,desert
45.jpg,desert
46.jpg,desert
47.jpg,"desert,sunset,trees"
48.jpg,desert
49.jpg,desert
50.jpg,"desert,sunset"
51.jpg,desert
52.jpg,"desert,sunset"
53.jpg,"desert,sunset"
54.jpg,"desert,mountains"
55.jpg,desert
56.jpg,desert
57.jpg,"desert,trees"
58.jpg,"desert,sunset"
59.jpg,"desert,trees"
60.jpg,"desert,trees"
61.jpg,desert
62.jpg,desert
63.jpg,"desert,mountains"
64.jpg,desert
65.jpg,"desert,sunset"
66.jpg,desert
67.jpg,"desert,mountains"
68.jpg,desert
69.jpg,desert
70.jpg,"desert,sunset"
71.jpg,desert
72.jpg,desert
73.jpg,desert
74.jpg,desert
75.jpg,desert
76.jpg,desert
77.jpg,desert
78.jpg,desert
79.jpg,desert
80.jpg,"desert,mountains"
81.jpg,desert
82.jpg,desert
83.jpg,desert
84.jpg,desert
85.jpg,desert
86.jpg,"desert,trees"
87.jpg,desert
88.jpg,desert
89.jpg,desert
90.jpg,desert
91.jpg,desert
92.jpg,desert
93.jpg,desert
94.jpg,desert
95.jpg,desert
96.jpg,desert
97.jpg,desert
98.jpg,desert
99.jpg,desert
100.jpg,"desert,sunset"
101.jpg,desert
102.jpg,"desert,mountains"
103.jpg,desert
104.jpg,"desert,mountains"
105.jpg,desert
106.jpg,"desert,mountains"
107.jpg,desert
108.jpg,"desert,sunset"
109.jpg,desert
110.jpg,desert
111.jpg,"desert,mountains"
112.jpg,desert
113.jpg,desert
114.jpg,desert
115.jpg,desert
116.jpg,desert
117.jpg,desert
118.jpg,desert
119.jpg,desert
120.jpg,"desert,mountains,sunset"
121.jpg,desert
122.jpg,desert
123.jpg,desert
124.jpg,desert
125.jpg,desert
126.jpg,desert
127.jpg,desert
128.jpg,"desert,mountains"
129.jpg,desert
130.jpg,desert
131.jpg,desert
132.jpg,desert
133.jpg,desert
134.jpg,desert
135.jpg,desert
136.jpg,desert
137.jpg,desert
138.jpg,desert
139.jpg,"desert,sunset"
140.jpg,"desert,sunset"
141.jpg,desert
142.jpg,desert
143.jpg,desert
144.jpg,desert
145.jpg,desert
146.jpg,desert
147.jpg,desert
148.jpg,desert
149.jpg,desert
150.jpg,desert
151.jpg,"desert,trees"
152.jpg,desert
153.jpg,desert
154.jpg,desert
155.jpg,desert
156.jpg,"desert,trees"
157.jpg,desert
158.jpg,desert
159.jpg,desert
160.jpg,desert
161.jpg,"desert,trees"
162.jpg,desert
163.jpg,"desert,mountains"
164.jpg,desert
165.jpg,desert
166.jpg,desert
167.jpg,desert
168.jpg,desert
169.jpg,desert
170.jpg,desert
171.jpg,desert
172.jpg,desert
173.jpg,desert
174.jpg,desert
175.jpg,desert
176.jpg,desert
177.jpg,"desert,trees"
178.jpg,desert
179.jpg,desert
180.jpg,desert
181.jpg,desert
182.jpg,desert
183.jpg,desert
184.jpg,desert
185.jpg,desert
186.jpg,desert
187.jpg,desert
188.jpg,desert
189.jpg,desert
190.jpg,desert
191.jpg,desert
192.jpg,desert
193.jpg,desert
194.jpg,desert
195.jpg,desert
196.jpg,desert
197.jpg,desert
198.jpg,"desert,trees"
199.jpg,desert
200.jpg,desert
201.jpg,desert
202.jpg,desert
203.jpg,desert
204.jpg,desert
205.jpg,desert
206.jpg,desert
207.jpg,desert
208.jpg,desert
209.jpg,desert
210.jpg,"desert,trees"
211.jpg,desert
212.jpg,desert
213.jpg,desert
214.jpg,desert
215.jpg,desert
216.jpg,desert
217.jpg,desert
218.jpg,desert
219.jpg,desert
220.jpg,desert
221.jpg,desert
222.jpg,desert
223.jpg,desert
224.jpg,desert
225.jpg,desert
226.jpg,"desert,trees"
227.jpg,desert
228.jpg,desert
229.jpg,desert
230.jpg,desert
231.jpg,desert
232.jpg,"desert,trees"
233.jpg,desert
234.jpg,desert
235.jpg,desert
236.jpg,desert
237.jpg,desert
238.jpg,desert
239.jpg,desert
240.jpg,desert
241.jpg,desert
242.jpg,desert
243.jpg,desert
244.jpg,desert
245.jpg,desert
246.jpg,desert
247.jpg,desert
248.jpg,desert
249.jpg,desert
250.jpg,desert
251.jpg,desert
252.jpg,desert
253.jpg,"desert,sea"
254.jpg,desert
255.jpg,desert
256.jpg,desert
257.jpg,desert
258.jpg,desert
259.jpg,desert
260.jpg,desert
261.jpg,desert
262.jpg,desert
263.jpg,desert
264.jpg,desert
265.jpg,desert
266.jpg,desert
267.jpg,desert
268.jpg,desert
269.jpg,desert
270.jpg,desert
271.jpg,desert
272.jpg,desert
273.jpg,desert
274.jpg,desert
275.jpg,desert
276.jpg,desert
277.jpg,desert
278.jpg,desert
279.jpg,desert
280.jpg,desert
281.jpg,desert
282.jpg,desert
283.jpg,desert
284.jpg,desert
285.jpg,"desert,mountains"
286.jpg,desert
287.jpg,desert
288.jpg,desert
289.jpg,"desert,sunset"
290.jpg,"desert,sunset"
291.jpg,desert
292.jpg,desert
293.jpg,desert
294.jpg,desert
295.jpg,desert
296.jpg,desert
297.jpg,desert
298.jpg,desert
299.jpg,desert
300.jpg,desert
301.jpg,desert
302.jpg,desert
303.jpg,desert
304.jpg,desert
305.jpg,desert
306.jpg,desert
307.jpg,desert
308.jpg,desert
309.jpg,desert
310.jpg,desert
311.jpg,desert
312.jpg,"desert,sea"
313.jpg,"desert,sea"
314.jpg,desert
315.jpg,desert
316.jpg,desert
317.jpg,desert
318.jpg,desert
319.jpg,desert
320.jpg,desert
321.jpg,desert
322.jpg,desert
323.jpg,desert
324.jpg,desert
325.jpg,desert
326.jpg,desert
327.jpg,desert
328.jpg,"desert,sea"
329.jpg,desert
330.jpg,desert
331.jpg,desert
332.jpg,desert
333.jpg,desert
334.jpg,"desert,sunset"
335.jpg,desert
336.jpg,desert
337.jpg,"desert,sunset"
338.jpg,desert
339.jpg,desert
340.jpg,desert
341.jpg,desert
342.jpg,desert
343.jpg,desert
344.jpg,desert
345.jpg,desert
346.jpg,desert
347.jpg,desert
348.jpg,desert
349.jpg,desert
350.jpg,desert
351.jpg,desert
352.jpg,desert
353.jpg,desert
354.jpg,desert
355.jpg,desert
356.jpg,desert
357.jpg,desert
358.jpg,"desert,sea"
359.jpg,desert
360.jpg,desert
361.jpg,desert
362.jpg,desert
363.jpg,"desert,sunset"
364.jpg,desert
365.jpg,desert
366.jpg,desert
367.jpg,desert
368.jpg,desert
369.jpg,desert
370.jpg,desert
371.jpg,desert
372.jpg,desert
373.jpg,desert
374.jpg,desert
375.jpg,desert
376.jpg,desert
377.jpg,desert
378.jpg,desert
379.jpg,desert
380.jpg,desert
381.jpg,desert
382.jpg,desert
383.jpg,desert
384.jpg,"desert,mountains"
385.jpg,desert
386.jpg,desert
387.jpg,desert
388.jpg,desert
389.jpg,desert
390.jpg,desert
391.jpg,desert
392.jpg,"desert,mountains"
393.jpg,"desert,sunset"
394.jpg,desert
395.jpg,"desert,sunset"
396.jpg,desert
397.jpg,"desert,sunset"
398.jpg,"desert,trees"
399.jpg,desert
400.jpg,desert
401.jpg,mountains
402.jpg,mountains
403.jpg,mountains
404.jpg,mountains
405.jpg,mountains
406.jpg,mountains
407.jpg,mountains
408.jpg,mountains
409.jpg,"mountains,sea"
410.jpg,mountains
411.jpg,"mountains,sea"
412.jpg,mountains
413.jpg,mountains
414.jpg,mountains
415.jpg,mountains
416.jpg,mountains
417.jpg,mountains
418.jpg,"mountains,sea"
419.jpg,mountains
420.jpg,"mountains,sea"
421.jpg,mountains
422.jpg,mountains
423.jpg,mountains
424.jpg,mountains
425.jpg,mountains
426.jpg,"mountains,sea"
427.jpg,"mountains,sea"
428.jpg,mountains
429.jpg,mountains
430.jpg,mountains
431.jpg,mountains
432.jpg,"mountains,sea"
433.jpg,mountains
434.jpg,mountains
435.jpg,mountains
436.jpg,"mountains,sea"
437.jpg,mountains
438.jpg,mountains
439.jpg,"mountains,sea"
440.jpg,mountains
441.jpg,mountains
442.jpg,mountains
443.jpg,mountains
444.jpg,mountains
445.jpg,mountains
446.jpg,mountains
447.jpg,mountains
448.jpg,mountains
449.jpg,"mountains,sea"
450.jpg,mountains
451.jpg,mountains
452.jpg,mountains
453.jpg,mountains
454.jpg,mountains
455.jpg,mountains
456.jpg,mountains
457.jpg,"mountains,sea"
458.jpg,mountains
459.jpg,mountains
460.jpg,mountains
461.jpg,mountains
462.jpg,mountains
463.jpg,mountains
464.jpg,mountains
465.jpg,mountains
466.jpg,mountains
467.jpg,mountains
468.jpg,mountains
469.jpg,"mountains,trees"
470.jpg,mountains
471.jpg,"mountains,sea"
472.jpg,mountains
473.jpg,mountains
474.jpg,"mountains,sea"
475.jpg,mountains
476.jpg,mountains
477.jpg,mountains
478.jpg,mountains
479.jpg,mountains
480.jpg,mountains
481.jpg,mountains
482.jpg,"mountains,trees"
483.jpg,"mountains,trees"
484.jpg,mountains
485.jpg,"mountains,trees"
486.jpg,"mountains,trees"
487.jpg,mountains
488.jpg,mountains
489.jpg,mountains
490.jpg,mountains
491.jpg,"mountains,sea"
492.jpg,mountains
493.jpg,"mountains,sea"
494.jpg,mountains
495.jpg,mountains
496.jpg,mountains
497.jpg,"mountains,sea"
498.jpg,mountains
499.jpg,mountains
500.jpg,mountains
501.jpg,"mountains,sea"
502.jpg,"mountains,sea"
503.jpg,"mountains,sea"
504.jpg,mountains
505.jpg,mountains
506.jpg,mountains
507.jpg,mountains
508.jpg,"mountains,trees"
509.jpg,mountains
510.jpg,mountains
511.jpg,mountains
512.jpg,mountains
513.jpg,mountains
514.jpg,mountains
515.jpg,mountains
516.jpg,mountains
517.jpg,mountains
518.jpg,mountains
519.jpg,mountains
520.jpg,mountains
521.jpg,mountains
522.jpg,"mountains,trees"
523.jpg,mountains
524.jpg,mountains
525.jpg,mountains
526.jpg,"mountains,trees"
527.jpg,mountains
528.jpg,mountains
529.jpg,mountains
530.jpg,mountains
531.jpg,mountains
532.jpg,"mountains,trees"
533.jpg,mountains
534.jpg,mountains
535.jpg,"mountains,trees"
536.jpg,mountains
537.jpg,mountains
538.jpg,mountains
539.jpg,mountains
540.jpg,mountains
541.jpg,"mountains,trees"
542.jpg,mountains
543.jpg,mountains
544.jpg,mountains
545.jpg,mountains
546.jpg,mountains
547.jpg,mountains
548.jpg,mountains
549.jpg,mountains
550.jpg,mountains
551.jpg,"mountains,trees"
552.jpg,"mountains,sea,trees"
553.jpg,mountains
554.jpg,mountains
555.jpg,mountains
556.jpg,mountains
557.jpg,mountains
558.jpg,mountains
559.jpg,mountains
560.jpg,mountains
561.jpg,mountains
562.jpg,mountains
563.jpg,mountains
564.jpg,mountains
565.jpg,mountains
566.jpg,"mountains,trees"
567.jpg,mountains
568.jpg,mountains
569.jpg,mountains
570.jpg,"mountains,trees"
571.jpg,mountains
572.jpg,"mountains,trees"
573.jpg,"mountains,trees"
574.jpg,"mountains,trees"
575.jpg,"mountains,trees"
576.jpg,"mountains,trees"
577.jpg,"mountains,trees"
578.jpg,"mountains,trees"
579.jpg,"mountains,trees"
580.jpg,mountains
581.jpg,mountains
582.jpg,mountains
583.jpg,mountains
584.jpg,mountains
585.jpg,mountains
586.jpg,mountains
587.jpg,mountains
588.jpg,mountains
589.jpg,mountains
590.jpg,"mountains,sunset"
591.jpg,mountains
592.jpg,"mountains,trees"
593.jpg,"mountains,sea"
594.jpg,mountains
595.jpg,mountains
596.jpg,mountains
597.jpg,mountains
598.jpg,mountains
599.jpg,mountains
600.jpg,mountains
601.jpg,mountains
602.jpg,"mountains,sea"
603.jpg,"desert,mountains"
604.jpg,"desert,mountains"
605.jpg,mountains
606.jpg,mountains
607.jpg,mountains
608.jpg,mountains
609.jpg,mountains
610.jpg,mountains
611.jpg,mountains
612.jpg,"mountains,trees"
613.jpg,"mountains,trees"
614.jpg,"mountains,trees"
615.jpg,mountains
616.jpg,"mountains,sea"
617.jpg,"mountains,trees"
618.jpg,mountains
619.jpg,"mountains,trees"
620.jpg,"mountains,sea,trees"
621.jpg,"mountains,sea"
622.jpg,mountains
623.jpg,"mountains,trees"
624.jpg,"mountains,trees"
625.jpg,"mountains,sea,trees"
626.jpg,"mountains,sea"
627.jpg,"mountains,sea,trees"
628.jpg,"mountains,sea,trees"
629.jpg,"mountains,trees"
630.jpg,"mountains,trees"
631.jpg,"mountains,trees"
632.jpg,"mountains,trees"
633.jpg,"mountains,trees"
634.jpg,mountains
635.jpg,mountains
636.jpg,mountains
637.jpg,"mountains,trees"
638.jpg,"mountains,trees"
639.jpg,"mountains,trees"
640.jpg,mountains
641.jpg,mountains
642.jpg,"mountains,trees"
643.jpg,"mountains,trees"
644.jpg,"mountains,trees"
645.jpg,mountains
646.jpg,"mountains,trees"
647.jpg,"mountains,trees"
648.jpg,"mountains,trees"
649.jpg,"mountains,trees"
650.jpg,"mountains,trees"
651.jpg,"mountains,trees"
652.jpg,"mountains,trees"
653.jpg,"mountains,trees"
654.jpg,"mountains,trees"
655.jpg,mountains
656.jpg,mountains
657.jpg,mountains
658.jpg,"mountains,trees"
659.jpg,"mountains,trees"
660.jpg,"mountains,trees"
661.jpg,mountains
662.jpg,"mountains,trees"
663.jpg,"mountains,trees"
664.jpg,"mountains,trees"
665.jpg,"mountains,trees"
666.jpg,mountains
667.jpg,mountains
668.jpg,mountains
669.jpg,"mountains,sunset"
670.jpg,mountains
671.jpg,"mountains,trees"
672.jpg,mountains
673.jpg,mountains
674.jpg,mountains
675.jpg,mountains
676.jpg,mountains
677.jpg,mountains
678.jpg,mountains
679.jpg,"mountains,trees"
680.jpg,"mountains,trees"
681.jpg,mountains
682.jpg,mountains
683.jpg,mountains
684.jpg,mountains
685.jpg,"mountains,trees"
686.jpg,"mountains,sea,trees"
687.jpg,"mountains,trees"
688.jpg,mountains
689.jpg,"mountains,trees"
690.jpg,"mountains,trees"
691.jpg,"mountains,trees"
692.jpg,"mountains,trees"
693.jpg,"mountains,trees"
694.jpg,"mountains,trees"
695.jpg,"mountains,trees"
696.jpg,"mountains,sea"
697.jpg,"mountains,sea"
698.jpg,mountains
699.jpg,"mountains,trees"
700.jpg,"mountains,trees"
701.jpg,"mountains,trees"
702.jpg,"mountains,trees"
703.jpg,mountains
704.jpg,mountains
705.jpg,mountains
706.jpg,"mountains,trees"
707.jpg,"mountains,trees"
708.jpg,"mountains,trees"
709.jpg,mountains
710.jpg,mountains
711.jpg,mountains
712.jpg,mountains
713.jpg,mountains
714.jpg,mountains
715.jpg,mountains
716.jpg,"mountains,sea"
717.jpg,mountains
718.jpg,"mountains,sunset"
719.jpg,"mountains,trees"
720.jpg,mountains
721.jpg,mountains
722.jpg,mountains
723.jpg,"mountains,sea"
724.jpg,mountains
725.jpg,mountains
726.jpg,"mountains,trees"
727.jpg,mountains
728.jpg,"mountains,trees"
729.jpg,mountains
730.jpg,mountains
731.jpg,mountains
732.jpg,"mountains,trees"
733.jpg,"mountains,trees"
734.jpg,mountains
735.jpg,mountains
736.jpg,mountains
737.jpg,"mountains,trees"
738.jpg,mountains
739.jpg,mountains
740.jpg,"mountains,trees"
741.jpg,mountains
742.jpg,mountains
743.jpg,mountains
744.jpg,mountains
745.jpg,mountains
746.jpg,mountains
747.jpg,mountains
748.jpg,mountains
749.jpg,mountains
750.jpg,mountains
751.jpg,mountains
752.jpg,mountains
753.jpg,mountains
754.jpg,mountains
755.jpg,mountains
756.jpg,mountains
757.jpg,mountains
758.jpg,mountains
759.jpg,mountains
760.jpg,mountains
761.jpg,mountains
762.jpg,mountains
763.jpg,mountains
764.jpg,"mountains,trees"
765.jpg,"mountains,trees"
766.jpg,mountains
767.jpg,mountains
768.jpg,mountains
769.jpg,mountains
770.jpg,mountains
771.jpg,mountains
772.jpg,"mountains,trees"
773.jpg,mountains
774.jpg,mountains
775.jpg,mountains
776.jpg,mountains
777.jpg,mountains
778.jpg,mountains
779.jpg,mountains
780.jpg,mountains
781.jpg,mountains
782.jpg,mountains
783.jpg,mountains
784.jpg,mountains
785.jpg,mountains
786.jpg,mountains
787.jpg,mountains
788.jpg,"mountains,sea"
789.jpg,mountains
790.jpg,"mountains,trees"
791.jpg,"mountains,sea"
792.jpg,"mountains,sea"
793.jpg,"mountains,trees"
794.jpg,mountains
795.jpg,mountains
796.jpg,"desert,mountains"
797.jpg,mountains
798.jpg,"mountains,sea"
799.jpg,mountains
800.jpg,mountains
801.jpg,sea
802.jpg,sea
803.jpg,sea
804.jpg,sea
805.jpg,sea
806.jpg,sea
807.jpg,sea
808.jpg,sea
809.jpg,"mountains,sea"
810.jpg,sea
811.jpg,sea
812.jpg,sea
813.jpg,sea
814.jpg,sea
815.jpg,sea
816.jpg,sea
817.jpg,sea
818.jpg,"sea,trees"
819.jpg,sea
820.jpg,sea
821.jpg,sea
822.jpg,sea
823.jpg,sea
824.jpg,sea
825.jpg,sea
826.jpg,sea
827.jpg,sea
828.jpg,sea
829.jpg,sea
830.jpg,sea
831.jpg,sea
832.jpg,sea
833.jpg,sea
834.jpg,sea
835.jpg,sea
836.jpg,sea
837.jpg,sea
838.jpg,sea
839.jpg,sea
840.jpg,sea
841.jpg,sea
842.jpg,sea
843.jpg,sea
844.jpg,sea
845.jpg,sea
846.jpg,sea
847.jpg,sea
848.jpg,"sea,sunset"
849.jpg,sea
850.jpg,sea
851.jpg,sea
852.jpg,sea
853.jpg,sea
854.jpg,sea
855.jpg,sea
856.jpg,sea
857.jpg,"sea,trees"
858.jpg,sea
859.jpg,sea
860.jpg,"mountains,sea"
861.jpg,sea
862.jpg,sea
863.jpg,sea
864.jpg,sea
865.jpg,"sea,sunset"
866.jpg,sea
867.jpg,sea
868.jpg,sea
869.jpg,sea
870.jpg,"sea,sunset"
871.jpg,sea
872.jpg,sea
873.jpg,sea
874.jpg,"sea,sunset"
875.jpg,sea
876.jpg,"sea,sunset"
877.jpg,"sea,sunset"
878.jpg,"sea,sunset"
879.jpg,sea
880.jpg,sea
881.jpg,sea
882.jpg,"mountains,sea"
883.jpg,sea
884.jpg,sea
885.jpg,sea
886.jpg,sea
887.jpg,sea
888.jpg,sea
889.jpg,sea
890.jpg,sea
891.jpg,sea
892.jpg,sea
893.jpg,"mountains,sea"
894.jpg,"mountains,sea"
895.jpg,"mountains,sea"
896.jpg,sea
897.jpg,sea
898.jpg,sea
899.jpg,sea
900.jpg,sea
901.jpg,sea
902.jpg,sea
903.jpg,sea
904.jpg,sea
905.jpg,sea
906.jpg,sea
907.jpg,sea
908.jpg,sea
909.jpg,sea
910.jpg,sea
911.jpg,sea
912.jpg,sea
913.jpg,sea
914.jpg,sea
915.jpg,sea
916.jpg,sea
917.jpg,sea
918.jpg,sea
919.jpg,"sea,sunset"
920.jpg,"sea,sunset"
921.jpg,sea
922.jpg,sea
923.jpg,sea
924.jpg,sea
925.jpg,sea
926.jpg,sea
927.jpg,"sea,trees"
928.jpg,sea
929.jpg,sea
930.jpg,sea
931.jpg,sea
932.jpg,sea
933.jpg,"sea,trees"
934.jpg,sea
935.jpg,sea
936.jpg,sea
937.jpg,sea
938.jpg,sea
939.jpg,sea
940.jpg,sea
941.jpg,sea
942.jpg,sea
943.jpg,sea
944.jpg,sea
945.jpg,sea
946.jpg,sea
947.jpg,sea
948.jpg,sea
949.jpg,sea
950.jpg,sea
951.jpg,sea
952.jpg,sea
953.jpg,sea
954.jpg,sea
955.jpg,sea
956.jpg,sea
957.jpg,sea
958.jpg,sea
959.jpg,sea
960.jpg,sea
961.jpg,sea
962.jpg,sea
963.jpg,sea
964.jpg,sea
965.jpg,sea
966.jpg,sea
967.jpg,sea
968.jpg,sea
969.jpg,sea
970.jpg,sea
971.jpg,sea
972.jpg,sea
973.jpg,sea
974.jpg,sea
975.jpg,sea
976.jpg,sea
977.jpg,sea
978.jpg,sea
979.jpg,sea
980.jpg,sea
981.jpg,sea
982.jpg,sea
983.jpg,sea
984.jpg,sea
985.jpg,sea
986.jpg,sea
987.jpg,sea
988.jpg,sea
989.jpg,sea
990.jpg,sea
991.jpg,sea
992.jpg,sea
993.jpg,sea
994.jpg,sea
995.jpg,sea
996.jpg,sea
997.jpg,sea
998.jpg,sea
999.jpg,sea
1000.jpg,sea
1001.jpg,sea
1002.jpg,sea
1003.jpg,sea
1004.jpg,sea
1005.jpg,sea
1006.jpg,sea
1007.jpg,sea
1008.jpg,sea
1009.jpg,sea
1010.jpg,sea
1011.jpg,sea
1012.jpg,sea
1013.jpg,sea
1014.jpg,sea
1015.jpg,sea
1016.jpg,sea
1017.jpg,sea
1018.jpg,sea
1019.jpg,sea
1020.jpg,sea
1021.jpg,sea
1022.jpg,sea
1023.jpg,sea
1024.jpg,sea
1025.jpg,sea
1026.jpg,sea
1027.jpg,sea
1028.jpg,sea
1029.jpg,sea
1030.jpg,sea
1031.jpg,sea
1032.jpg,sea
1033.jpg,sea
1034.jpg,sea
1035.jpg,sea
1036.jpg,sea
1037.jpg,sea
1038.jpg,sea
1039.jpg,sea
1040.jpg,sea
1041.jpg,sea
1042.jpg,sea
1043.jpg,sea
1044.jpg,sea
1045.jpg,sea
1046.jpg,sea
1047.jpg,sea
1048.jpg,sea
1049.jpg,sea
1050.jpg,sea
1051.jpg,sea
1052.jpg,sea
1053.jpg,sea
1054.jpg,sea
1055.jpg,"sea,sunset"
1056.jpg,sea
1057.jpg,sea
1058.jpg,sea
1059.jpg,sea
1060.jpg,sea
1061.jpg,sea
1062.jpg,sea
1063.jpg,sea
1064.jpg,sea
1065.jpg,sea
1066.jpg,"sea,trees"
1067.jpg,sea
1068.jpg,sea
1069.jpg,sea
1070.jpg,sea
1071.jpg,sea
1072.jpg,sea
1073.jpg,sea
1074.jpg,sea
1075.jpg,sea
1076.jpg,"sea,trees"
1077.jpg,sea
1078.jpg,sea
1079.jpg,"sea,sunset"
1080.jpg,sea
1081.jpg,sea
1082.jpg,sea
1083.jpg,sea
1084.jpg,sea
1085.jpg,sea
1086.jpg,sea
1087.jpg,"sea,trees"
1088.jpg,"sea,sunset"
1089.jpg,sea
1090.jpg,sea
1091.jpg,sea
1092.jpg,sea
1093.jpg,sea
1094.jpg,"sea,sunset"
1095.jpg,sea
1096.jpg,sea
1097.jpg,"sea,trees"
1098.jpg,sea
1099.jpg,sea
1100.jpg,sea
1101.jpg,sea
1102.jpg,sea
1103.jpg,sea
1104.jpg,sea
1105.jpg,"sea,sunset"
1106.jpg,"sea,trees"
1107.jpg,sea
1108.jpg,"sea,sunset"
1109.jpg,"sea,sunset"
1110.jpg,sea
1111.jpg,sea
1112.jpg,sea
1113.jpg,sea
1114.jpg,sea
1115.jpg,"sea,sunset"
1116.jpg,"sea,sunset"
1117.jpg,sea
1118.jpg,"sea,sunset"
1119.jpg,"sea,sunset"
1120.jpg,sea
1121.jpg,sea
1122.jpg,sea
1123.jpg,sea
1124.jpg,sea
1125.jpg,sea
1126.jpg,sea
1127.jpg,"sea,sunset"
1128.jpg,sea
1129.jpg,sea
1130.jpg,"sea,sunset"
1131.jpg,sea
1132.jpg,sea
1133.jpg,sea
1134.jpg,sea
1135.jpg,sea
1136.jpg,sea
1137.jpg,sea
1138.jpg,sea
1139.jpg,sea
1140.jpg,"sea,trees"
1141.jpg,sea
1142.jpg,"sea,sunset"
1143.jpg,sea
1144.jpg,"sea,sunset"
1145.jpg,"sea,sunset"
1146.jpg,sea
1147.jpg,sea
1148.jpg,sea
1149.jpg,sea
1150.jpg,sea
1151.jpg,sea
1152.jpg,sea
1153.jpg,sea
1154.jpg,sea
1155.jpg,sea
1156.jpg,"sea,sunset"
1157.jpg,"sea,sunset"
1158.jpg,sea
1159.jpg,sea
1160.jpg,"sea,sunset"
1161.jpg,"sea,sunset"
1162.jpg,"sea,sunset"
1163.jpg,"sea,sunset"
1164.jpg,sea
1165.jpg,sea
1166.jpg,sea
1167.jpg,"sea,sunset"
1168.jpg,"sea,sunset"
1169.jpg,"sea,sunset"
1170.jpg,sea
1171.jpg,sea
1172.jpg,"sea,sunset"
1173.jpg,sea
1174.jpg,sea
1175.jpg,"sea,sunset"
1176.jpg,sea
1177.jpg,"sea,sunset"
1178.jpg,sea
1179.jpg,"sea,sunset"
1180.jpg,"sea,sunset"
1181.jpg,sea
1182.jpg,sea
1183.jpg,"sea,trees"
1184.jpg,"sea,sunset"
1185.jpg,sea
1186.jpg,sea
1187.jpg,sea
1188.jpg,"sea,sunset"
1189.jpg,sea
1190.jpg,sea
1191.jpg,sea
1192.jpg,sea
1193.jpg,sea
1194.jpg,sea
1195.jpg,sea
1196.jpg,"sea,trees"
1197.jpg,sea
1198.jpg,sea
1199.jpg,sea
1200.jpg,sea
1201.jpg,sunset
1202.jpg,"sea,sunset"
1203.jpg,sunset
1204.jpg,sunset
1205.jpg,"sea,sunset"
1206.jpg,sunset
1207.jpg,sunset
1208.jpg,sunset
1209.jpg,sunset
1210.jpg,sunset
1211.jpg,sunset
1212.jpg,"sea,sunset"
1213.jpg,"sea,sunset"
1214.jpg,sunset
1215.jpg,"sea,sunset"
1216.jpg,"sunset,trees"
1217.jpg,"sea,sunset"
1218.jpg,"mountains,sunset"
1219.jpg,"sunset,trees"
1220.jpg,sunset
1221.jpg,"sunset,trees"
1222.jpg,sunset
1223.jpg,"sea,sunset"
1224.jpg,sunset
1225.jpg,"sunset,trees"
1226.jpg,"sea,sunset"
1227.jpg,"sea,sunset"
1228.jpg,"sunset,trees"
1229.jpg,"sea,sunset"
1230.jpg,sunset
1231.jpg,sunset
1232.jpg,sunset
1233.jpg,"sunset,trees"
1234.jpg,"sea,sunset"
1235.jpg,sunset
1236.jpg,"sea,sunset"
1237.jpg,sunset
1238.jpg,sunset
1239.jpg,sunset
1240.jpg,"sea,sunset"
1241.jpg,"sea,sunset"
1242.jpg,"sunset,trees"
1243.jpg,"sea,sunset"
1244.jpg,"sea,sunset"
1245.jpg,"sea,sunset"
1246.jpg,sunset
1247.jpg,"sea,sunset"
1248.jpg,"sea,sunset"
1249.jpg,"sea,sunset"
1250.jpg,"sea,sunset"
1251.jpg,"sea,sunset"
1252.jpg,"sea,sunset"
1253.jpg,"sea,sunset"
1254.jpg,"sunset,trees"
1255.jpg,sunset
1256.jpg,sunset
1257.jpg,"sea,sunset"
1258.jpg,sunset
1259.jpg,sunset
1260.jpg,"sea,sunset"
1261.jpg,"sea,sunset"
1262.jpg,"mountains,sunset"
1263.jpg,"sea,sunset"
1264.jpg,"sea,sunset"
1265.jpg,"sea,sunset"
1266.jpg,"sea,sunset"
1267.jpg,"sea,sunset,trees"
1268.jpg,"sea,sunset"
1269.jpg,"sea,sunset"
1270.jpg,"sea,sunset"
1271.jpg,"sea,sunset"
1272.jpg,"sea,sunset"
1273.jpg,"sea,sunset"
1274.jpg,"sea,sunset"
1275.jpg,"sea,sunset"
1276.jpg,"sea,sunset"
1277.jpg,"sea,sunset"
1278.jpg,"sea,sunset,trees"
1279.jpg,"sea,sunset,trees"
1280.jpg,"sea,sunset,trees"
1281.jpg,sunset
1282.jpg,sunset
1283.jpg,sunset
1284.jpg,"sea,sunset"
1285.jpg,"sea,sunset"
1286.jpg,"sea,sunset"
1287.jpg,"sea,sunset"
1288.jpg,sunset
1289.jpg,sunset
1290.jpg,sunset
1291.jpg,"sea,sunset"
1292.jpg,sunset
1293.jpg,"sea,sunset"
1294.jpg,sunset
1295.jpg,sunset
1296.jpg,"sunset,trees"
1297.jpg,sunset
1298.jpg,sunset
1299.jpg,"sea,sunset"
1300.jpg,"mountains,sunset,trees"
1301.jpg,"mountains,sunset"
1302.jpg,"sea,sunset"
1303.jpg,sunset
1304.jpg,sunset
1305.jpg,"desert,sunset,trees"
1306.jpg,sunset
1307.jpg,sunset
1308.jpg,"sea,sunset"
1309.jpg,"sea,sunset"
1310.jpg,sunset
1311.jpg,"mountains,sunset"
1312.jpg,sunset
1313.jpg,sunset
1314.jpg,sunset
1315.jpg,sunset
1316.jpg,"sea,sunset"
1317.jpg,"sea,sunset"
1318.jpg,"sunset,trees"
1319.jpg,sunset
1320.jpg,"sea,sunset"
1321.jpg,"sea,sunset"
1322.jpg,sunset
1323.jpg,sunset
1324.jpg,"sea,sunset"
1325.jpg,sunset
1326.jpg,sunset
1327.jpg,"mountains,sunset"
1328.jpg,"sea,sunset"
1329.jpg,"sea,sunset"
1330.jpg,"sea,sunset"
1331.jpg,sunset
1332.jpg,sunset
1333.jpg,"sea,sunset"
1334.jpg,"sea,sunset"
1335.jpg,sunset
1336.jpg,sunset
1337.jpg,"sunset,trees"
1338.jpg,"sea,sunset"
1339.jpg,sunset
1340.jpg,"sea,sunset"
1341.jpg,sunset
1342.jpg,sunset
1343.jpg,"mountains,sunset"
1344.jpg,sunset
1345.jpg,sunset
1346.jpg,"sunset,trees"
1347.jpg,sunset
1348.jpg,sunset
1349.jpg,sunset
1350.jpg,"sunset,trees"
1351.jpg,"sunset,trees"
1352.jpg,sunset
1353.jpg,sunset
1354.jpg,sunset
1355.jpg,"sunset,trees"
1356.jpg,"sunset,trees"
1357.jpg,sunset
1358.jpg,"sea,sunset"
1359.jpg,"sea,sunset"
1360.jpg,"sea,sunset"
1361.jpg,"sunset,trees"
1362.jpg,sunset
1363.jpg,sunset
1364.jpg,"sunset,trees"
1365.jpg,"sea,sunset"
1366.jpg,"sunset,trees"
1367.jpg,sunset
1368.jpg,sunset
1369.jpg,sunset
1370.jpg,"sea,sunset"
1371.jpg,"mountains,sunset"
1372.jpg,sunset
1373.jpg,sunset
1374.jpg,"sea,sunset"
1375.jpg,"sea,sunset"
1376.jpg,sunset
1377.jpg,sunset
1378.jpg,"sea,sunset"
1379.jpg,"sea,sunset"
1380.jpg,sunset
1381.jpg,"desert,sunset"
1382.jpg,"desert,sunset,trees"
1383.jpg,sunset
1384.jpg,"sunset,trees"
1385.jpg,"mountains,sunset"
1386.jpg,sunset
1387.jpg,sunset
1388.jpg,sunset
1389.jpg,sunset
1390.jpg,sunset
1391.jpg,"sea,sunset"
1392.jpg,"sea,sunset"
1393.jpg,sunset
1394.jpg,"desert,sunset"
1395.jpg,sunset
1396.jpg,sunset
1397.jpg,sunset
1398.jpg,sunset
1399.jpg,"sea,sunset"
1400.jpg,"sea,sunset"
1401.jpg,sunset
1402.jpg,sunset
1403.jpg,sunset
1404.jpg,"sea,sunset"
1405.jpg,"sea,sunset"
1406.jpg,sunset
1407.jpg,sunset
1408.jpg,sunset
1409.jpg,"sea,sunset"
1410.jpg,"sea,sunset"
1411.jpg,"sea,sunset"
1412.jpg,"sunset,trees"
1413.jpg,sunset
1414.jpg,sunset
1415.jpg,"sea,sunset"
1416.jpg,sunset
1417.jpg,sunset
1418.jpg,sunset
1419.jpg,sunset
1420.jpg,"sea,sunset"
1421.jpg,"sea,sunset"
1422.jpg,"sea,sunset"
1423.jpg,sunset
1424.jpg,sunset
1425.jpg,sunset
1426.jpg,"mountains,sunset"
1427.jpg,"mountains,sunset"
1428.jpg,sunset
1429.jpg,sunset
1430.jpg,sunset
1431.jpg,"mountains,sunset"
1432.jpg,sunset
1433.jpg,sunset
1434.jpg,"mountains,sunset"
1435.jpg,sunset
1436.jpg,"sunset,trees"
1437.jpg,sunset
1438.jpg,sunset
1439.jpg,"sunset,trees"
1440.jpg,sunset
1441.jpg,sunset
1442.jpg,sunset
1443.jpg,sunset
1444.jpg,"sea,sunset"
1445.jpg,sunset
1446.jpg,"sea,sunset"
1447.jpg,"sea,sunset"
1448.jpg,"sea,sunset"
1449.jpg,"sea,sunset"
1450.jpg,"sea,sunset"
1451.jpg,sunset
1452.jpg,"sea,sunset"
1453.jpg,"sea,sunset"
1454.jpg,"sea,sunset"
1455.jpg,"sea,sunset"
1456.jpg,"sea,sunset"
1457.jpg,sunset
1458.jpg,sunset
1459.jpg,sunset
1460.jpg,"sea,sunset"
1461.jpg,sunset
1462.jpg,"sea,sunset"
1463.jpg,"sea,sunset"
1464.jpg,sunset
1465.jpg,sunset
1466.jpg,sunset
1467.jpg,sunset
1468.jpg,sunset
1469.jpg,sunset
1470.jpg,"sea,sunset"
1471.jpg,"sea,sunset"
1472.jpg,"sea,sunset"
1473.jpg,sunset
1474.jpg,sunset
1475.jpg,"sea,sunset"
1476.jpg,sunset
1477.jpg,sunset
1478.jpg,sunset
1479.jpg,sunset
1480.jpg,sunset
1481.jpg,sunset
1482.jpg,sunset
1483.jpg,sunset
1484.jpg,sunset
1485.jpg,sunset
1486.jpg,"sunset,trees"
1487.jpg,sunset
1488.jpg,sunset
1489.jpg,"mountains,sunset"
1490.jpg,sunset
1491.jpg,"sea,sunset"
1492.jpg,"sea,sunset"
1493.jpg,"sea,sunset"
1494.jpg,"sea,sunset"
1495.jpg,"sea,sunset"
1496.jpg,"sea,sunset"
1497.jpg,sunset
1498.jpg,sunset
1499.jpg,"sea,sunset"
1500.jpg,"sea,sunset"
1501.jpg,sunset
1502.jpg,"mountains,sunset"
1503.jpg,"mountains,sunset"
1504.jpg,sunset
1505.jpg,sunset
1506.jpg,sunset
1507.jpg,sunset
1508.jpg,sunset
1509.jpg,"sunset,trees"
1510.jpg,"sunset,trees"
1511.jpg,"sea,sunset"
1512.jpg,sunset
1513.jpg,sunset
1514.jpg,sunset
1515.jpg,sunset
1516.jpg,"mountains,sunset"
1517.jpg,sunset
1518.jpg,sunset
1519.jpg,sunset
1520.jpg,"sea,sunset"
1521.jpg,sunset
1522.jpg,sunset
1523.jpg,"sunset,trees"
1524.jpg,sunset
1525.jpg,sunset
1526.jpg,sunset
1527.jpg,sunset
1528.jpg,sunset
1529.jpg,sunset
1530.jpg,sunset
1531.jpg,sunset
1532.jpg,sunset
1533.jpg,sunset
1534.jpg,sunset
1535.jpg,sunset
1536.jpg,sunset
1537.jpg,sunset
1538.jpg,sunset
1539.jpg,sunset
1540.jpg,sunset
1541.jpg,"sea,sunset"
1542.jpg,sunset
1543.jpg,sunset
1544.jpg,sunset
1545.jpg,sunset
1546.jpg,sunset
1547.jpg,sunset
1548.jpg,sunset
1549.jpg,sunset
1550.jpg,"sea,sunset"
1551.jpg,sunset
1552.jpg,sunset
1553.jpg,"sea,sunset"
1554.jpg,sunset
1555.jpg,sunset
1556.jpg,sunset
1557.jpg,"sea,sunset"
1558.jpg,sunset
1559.jpg,sunset
1560.jpg,sunset
1561.jpg,sunset
1562.jpg,sunset
1563.jpg,sunset
1564.jpg,"sea,sunset"
1565.jpg,sunset
1566.jpg,sunset
1567.jpg,sunset
1568.jpg,sunset
1569.jpg,sunset
1570.jpg,sunset
1571.jpg,sunset
1572.jpg,sunset
1573.jpg,sunset
1574.jpg,"sea,sunset"
1575.jpg,"sea,sunset"
1576.jpg,sunset
1577.jpg,sunset
1578.jpg,sunset
1579.jpg,sunset
1580.jpg,"sea,sunset"
1581.jpg,sunset
1582.jpg,"sea,sunset"
1583.jpg,sunset
1584.jpg,sunset
1585.jpg,sunset
1586.jpg,"sea,sunset"
1587.jpg,sunset
1588.jpg,"sea,sunset"
1589.jpg,"sea,sunset"
1590.jpg,"sea,sunset"
1591.jpg,sunset
1592.jpg,sunset
1593.jpg,sunset
1594.jpg,sunset
1595.jpg,"sunset,trees"
1596.jpg,"sea,sunset"
1597.jpg,"sea,sunset"
1598.jpg,"sea,sunset"
1599.jpg,"sea,sunset"
1600.jpg,"sea,sunset"
1601.jpg,trees
1602.jpg,trees
1603.jpg,trees
1604.jpg,trees
1605.jpg,trees
1606.jpg,trees
1607.jpg,trees
1608.jpg,trees
1609.jpg,trees
1610.jpg,trees
1611.jpg,trees
1612.jpg,trees
1613.jpg,trees
1614.jpg,"desert,trees"
1615.jpg,trees
1616.jpg,trees
1617.jpg,trees
1618.jpg,trees
1619.jpg,trees
1620.jpg,trees
1621.jpg,trees
1622.jpg,trees
1623.jpg,trees
1624.jpg,trees
1625.jpg,trees
1626.jpg,trees
1627.jpg,trees
1628.jpg,trees
1629.jpg,trees
1630.jpg,trees
1631.jpg,trees
1632.jpg,trees
1633.jpg,trees
1634.jpg,trees
1635.jpg,trees
1636.jpg,trees
1637.jpg,trees
1638.jpg,trees
1639.jpg,trees
1640.jpg,trees
1641.jpg,trees
1642.jpg,trees
1643.jpg,trees
1644.jpg,trees
1645.jpg,trees
1646.jpg,trees
1647.jpg,trees
1648.jpg,trees
1649.jpg,trees
1650.jpg,trees
1651.jpg,trees
1652.jpg,trees
1653.jpg,trees
1654.jpg,trees
1655.jpg,trees
1656.jpg,trees
1657.jpg,trees
1658.jpg,trees
1659.jpg,trees
1660.jpg,trees
1661.jpg,trees
1662.jpg,"sea,trees"
1663.jpg,trees
1664.jpg,trees
1665.jpg,"mountains,trees"
1666.jpg,trees
1667.jpg,trees
1668.jpg,trees
1669.jpg,trees
1670.jpg,trees
1671.jpg,trees
1672.jpg,trees
1673.jpg,trees
1674.jpg,trees
1675.jpg,trees
1676.jpg,trees
1677.jpg,trees
1678.jpg,trees
1679.jpg,trees
1680.jpg,trees
1681.jpg,trees
1682.jpg,trees
1683.jpg,trees
1684.jpg,trees
1685.jpg,trees
1686.jpg,trees
1687.jpg,trees
1688.jpg,trees
1689.jpg,trees
1690.jpg,trees
1691.jpg,trees
1692.jpg,trees
1693.jpg,trees
1694.jpg,trees
1695.jpg,trees
1696.jpg,trees
1697.jpg,trees
1698.jpg,"desert,trees"
1699.jpg,trees
1700.jpg,trees
1701.jpg,trees
1702.jpg,trees
1703.jpg,trees
1704.jpg,trees
1705.jpg,trees
1706.jpg,trees
1707.jpg,trees
1708.jpg,trees
1709.jpg,trees
1710.jpg,trees
1711.jpg,trees
1712.jpg,trees
1713.jpg,trees
1714.jpg,trees
1715.jpg,trees
1716.jpg,trees
1717.jpg,trees
1718.jpg,trees
1719.jpg,trees
1720.jpg,trees
1721.jpg,trees
1722.jpg,trees
1723.jpg,trees
1724.jpg,trees
1725.jpg,trees
1726.jpg,trees
1727.jpg,trees
1728.jpg,trees
1729.jpg,trees
1730.jpg,trees
1731.jpg,trees
1732.jpg,trees
1733.jpg,trees
1734.jpg,trees
1735.jpg,trees
1736.jpg,trees
1737.jpg,trees
1738.jpg,trees
1739.jpg,trees
1740.jpg,trees
1741.jpg,trees
1742.jpg,trees
1743.jpg,trees
1744.jpg,trees
1745.jpg,trees
1746.jpg,trees
1747.jpg,trees
1748.jpg,trees
1749.jpg,trees
1750.jpg,trees
1751.jpg,trees
1752.jpg,trees
1753.jpg,trees
1754.jpg,trees
1755.jpg,trees
1756.jpg,trees
1757.jpg,trees
1758.jpg,trees
1759.jpg,trees
1760.jpg,trees
1761.jpg,trees
1762.jpg,"mountains,trees"
1763.jpg,trees
1764.jpg,trees
1765.jpg,trees
1766.jpg,"mountains,trees"
1767.jpg,trees
1768.jpg,trees
1769.jpg,trees
1770.jpg,trees
1771.jpg,trees
1772.jpg,"mountains,trees"
1773.jpg,trees
1774.jpg,trees
1775.jpg,trees
1776.jpg,trees
1777.jpg,trees
1778.jpg,trees
1779.jpg,trees
1780.jpg,trees
1781.jpg,trees
1782.jpg,trees
1783.jpg,trees
1784.jpg,trees
1785.jpg,trees
1786.jpg,trees
1787.jpg,trees
1788.jpg,trees
1789.jpg,trees
1790.jpg,trees
1791.jpg,trees
1792.jpg,trees
1793.jpg,trees
1794.jpg,trees
1795.jpg,trees
1796.jpg,trees
1797.jpg,trees
1798.jpg,trees
1799.jpg,trees
1800.jpg,trees
1801.jpg,trees
1802.jpg,trees
1803.jpg,trees
1804.jpg,trees
1805.jpg,trees
1806.jpg,trees
1807.jpg,trees
1808.jpg,trees
1809.jpg,trees
1810.jpg,trees
1811.jpg,trees
1812.jpg,trees
1813.jpg,trees
1814.jpg,trees
1815.jpg,trees
1816.jpg,trees
1817.jpg,trees
1818.jpg,trees
1819.jpg,trees
1820.jpg,trees
1821.jpg,trees
1822.jpg,trees
1823.jpg,trees
1824.jpg,trees
1825.jpg,trees
1826.jpg,trees
1827.jpg,trees
1828.jpg,trees
1829.jpg,trees
1830.jpg,trees
1831.jpg,trees
1832.jpg,trees
1833.jpg,trees
1834.jpg,trees
1835.jpg,trees
1836.jpg,trees
1837.jpg,trees
1838.jpg,"mountains,trees"
1839.jpg,trees
1840.jpg,trees
1841.jpg,trees
1842.jpg,trees
1843.jpg,trees
1844.jpg,trees
1845.jpg,trees
1846.jpg,trees
1847.jpg,trees
1848.jpg,trees
1849.jpg,trees
1850.jpg,trees
1851.jpg,trees
1852.jpg,trees
1853.jpg,trees
1854.jpg,trees
1855.jpg,trees
1856.jpg,trees
1857.jpg,trees
1858.jpg,trees
1859.jpg,trees
1860.jpg,trees
1861.jpg,trees
1862.jpg,trees
1863.jpg,trees
1864.jpg,trees
1865.jpg,trees
1866.jpg,trees
1867.jpg,trees
1868.jpg,trees
1869.jpg,trees
1870.jpg,trees
1871.jpg,trees
1872.jpg,"mountains,trees"
1873.jpg,trees
1874.jpg,trees
1875.jpg,trees
1876.jpg,trees
1877.jpg,trees
1878.jpg,trees
1879.jpg,trees
1880.jpg,trees
1881.jpg,trees
1882.jpg,"mountains,trees"
1883.jpg,trees
1884.jpg,trees
1885.jpg,trees
1886.jpg,trees
1887.jpg,trees
1888.jpg,trees
1889.jpg,trees
1890.jpg,trees
1891.jpg,trees
1892.jpg,"mountains,trees"
1893.jpg,trees
1894.jpg,"mountains,trees"
1895.jpg,"mountains,trees"
1896.jpg,trees
1897.jpg,trees
1898.jpg,trees
1899.jpg,trees
1900.jpg,trees
1901.jpg,trees
1902.jpg,trees
1903.jpg,trees
1904.jpg,trees
1905.jpg,trees
1906.jpg,trees
1907.jpg,trees
1908.jpg,trees
1909.jpg,trees
1910.jpg,trees
1911.jpg,"mountains,trees"
1912.jpg,trees
1913.jpg,"mountains,trees"
1914.jpg,"mountains,trees"
1915.jpg,"mountains,trees"
1916.jpg,trees
1917.jpg,trees
1918.jpg,trees
1919.jpg,trees
1920.jpg,trees
1921.jpg,trees
1922.jpg,trees
1923.jpg,trees
1924.jpg,trees
1925.jpg,trees
1926.jpg,trees
1927.jpg,trees
1928.jpg,trees
1929.jpg,trees
1930.jpg,trees
1931.jpg,trees
1932.jpg,"mountains,trees"
1933.jpg,"mountains,trees"
1934.jpg,"mountains,trees"
1935.jpg,"mountains,trees"
1936.jpg,trees
1937.jpg,trees
1938.jpg,trees
1939.jpg,trees
1940.jpg,trees
1941.jpg,trees
1942.jpg,trees
1943.jpg,trees
1944.jpg,trees
1945.jpg,trees
1946.jpg,trees
1947.jpg,trees
1948.jpg,trees
1949.jpg,trees
1950.jpg,trees
1951.jpg,trees
1952.jpg,trees
1953.jpg,trees
1954.jpg,trees
1955.jpg,trees
1956.jpg,trees
1957.jpg,trees
1958.jpg,trees
1959.jpg,trees
1960.jpg,trees
1961.jpg,trees
1962.jpg,trees
1963.jpg,trees
1964.jpg,trees
1965.jpg,trees
1966.jpg,trees
1967.jpg,trees
1968.jpg,trees
1969.jpg,trees
1970.jpg,trees
1971.jpg,trees
1972.jpg,trees
1973.jpg,trees
1974.jpg,trees
1975.jpg,trees
1976.jpg,trees
1977.jpg,trees
1978.jpg,trees
1979.jpg,trees
1980.jpg,trees
1981.jpg,trees
1982.jpg,trees
1983.jpg,trees
1984.jpg,trees
1985.jpg,trees
1986.jpg,trees
1987.jpg,trees
1988.jpg,trees
1989.jpg,trees
1990.jpg,trees
1991.jpg,trees
1992.jpg,"sea,trees"
1993.jpg,trees
1994.jpg,trees
1995.jpg,trees
1996.jpg,trees
1997.jpg,trees
1998.jpg,trees
1999.jpg,trees
2000.jpg,trees
